created_at,id_str,full_text,quote_count,reply_count,retweet_count,favorite_count,lang,user_id_str,conversation_id_str,username,tweet_url,mention_username
Fri Nov 17 23:21:44 +0000 2023,1725655488493183189,"Fuck you, El0n Mu$k https://t.co/S1m9dRwVZ6",129,254,32321,83139,en,1102309757153611778,1725655488493183189,ComradeStu,https://twitter.com/ComradeStu/status/1725655488493183189,
Fri Nov 17 22:19:48 +0000 2023,1725639902774145199,A work of art! üíñ  #MeghansGotHerGrooveBack https://t.co/3XftTAdnAT,0,0,36,165,en,1025035651580928005,1725639902774145199,Mu_Ri_Elle,https://twitter.com/Mu_Ri_Elle/status/1725639902774145199,
Fri Nov 17 22:10:45 +0000 2023,1725637627829727407,@lib_crusher Bro they are so mad https://t.co/ksXACyGMF2,16,10,36,1192,en,1542162555199782919,1725632001108070590,McMuIIah,https://twitter.com/McMuIIah/status/1725637627829727407,lib_crusher
Fri Nov 17 21:11:26 +0000 2023,1725622699857264683,GUYS OH MU GODDODDIDKDJDNDB I GOT IT I CRIED SO HARD https://t.co/pVd3s84bmt,7,9,19,214,en,1367996686577119233,1725622699857264683,xheroeskr,https://twitter.com/xheroeskr/status/1725622699857264683,
Fri Nov 17 19:21:33 +0000 2023,1725595043749048451,David Ornstein going after City üòÇüòÇ Go on Lad! üëç,0,9,37,186,en,1565977883688017920,1725595043749048451,BillyMeredithMU,https://twitter.com/BillyMeredithMU/status/1725595043749048451,
Fri Nov 17 19:09:45 +0000 2023,1725592077684130242,"The elected president @HEBobiwine This evening, I checked on our comrade Hon. Muhammad Ssegirinya at the hospital where he remains admitted.  He is still weak but certainly getting better. https://t.co/7ndPh8tMX7",0,7,21,392,en,1168882969697837056,1725592077684130242,NsubugaMu,https://twitter.com/NsubugaMu/status/1725592077684130242,HEBobiwine
Fri Nov 17 18:46:36 +0000 2023,1725586248629395863,"IS THIS WHY THEY CALL MO XUANYU A CUT SLEEVE IN THE NOVEL??? how in the world did they ever think that was an insult, this is the most romantic shit i‚Äôve ever read https://t.co/3c9NQ1byEl",87,29,387,2506,en,1707794726198616064,1725586248629395863,windmastersfan,https://twitter.com/windmastersfan/status/1725586248629395863,
Fri Nov 17 17:59:40 +0000 2023,1725574438681301096,"This is why Gameday should start highlighting other programs besides the same 15 teams every year  This is the crowd for the @PatMcAfeeShow   What it does for some schools, the energy it brings is far better than a normal show. Wish @CollegeGameDay would take notes https://t.co/yvMxSV8H0c",0,3,22,244,en,2511218569,1725574438681301096,BarstoolMU,https://twitter.com/BarstoolMU/status/1725574438681301096,"PatMcAfeeShow, CollegeGameDay"
Fri Nov 17 17:37:36 +0000 2023,1725568883933733289,full grown men are having meltdowns on twitter .com over getting kicked from the Fairy Princess Sparkles Destiny 2 clan,2,32,5,472,en,1481284619576168456,1725568883933733289,MuItimach,https://twitter.com/MuItimach/status/1725568883933733289,
Fri Nov 17 17:07:44 +0000 2023,1725561370911846788,Boulevard of Broken Dreams by Green Day‚ô© https://t.co/TaEQmNqpNU,113,11,1046,4060,en,1703868558835400705,1725561370911846788,xXMu3icl0v3rXx,https://twitter.com/xXMu3icl0v3rXx/status/1725561370911846788,
Fri Nov 17 16:21:39 +0000 2023,1725549774206796023,"üö®Terrorism has no religion""  "" Only A Very Small Number of organizations are responsible for tarnishing the reputation of the entire Mu$|im C0mmuœÄity. These carefully selected |$|amic organizations work to spread TeœÄœÄorism in the name of Islam. it's crucial to oppose‚Ä¶ https://t.co/pTeBGCkeZ9""",69,252,520,1005,en,1259334639820431366,1725549774206796023,Shunyaa00,https://twitter.com/Shunyaa00/status/1725549774206796023,
Fri Nov 17 15:35:53 +0000 2023,1725538256526209321,"@TheBaddestMitch I‚Äôd add an egg, heavy cream and 2x the cheese. Im not against the onion but I don‚Äôt add it. Also needs paprika",0,7,3,448,en,127092352,1725530792997138837,Have_MURcy,https://twitter.com/Have_MURcy/status/1725538256526209321,TheBaddestMitch
Fri Nov 17 15:16:31 +0000 2023,1725533382082285955,Madonna asks the audience if they want her to dance some more and she grants their command during this performance of Don‚Äôt Tell Me https://t.co/O4a7cuTZ0q,6,4,35,238,en,1538678063164186624,1725533382082285955,QueenofPopMUSlC,https://twitter.com/QueenofPopMUSlC/status/1725533382082285955,
Fri Nov 17 15:12:10 +0000 2023,1725532286710333760,mu qing: i love you   feng xin: more than your cats?  mu qing: don‚Äôt be stupid,1,1,71,438,en,1561380619829088259,1725532286710333760,fqrot,https://twitter.com/fqrot/status/1725532286710333760,
Fri Nov 17 14:55:15 +0000 2023,1725528027981832296,‚ÄúWHY IS HE MAKING THOSE FACES WHY IS HE LIKE TRYING TO BE SEDUCTIVE EW OH MY GOD MU DAY IS RUINED‚Äù  Dream: https://t.co/M7jvzdEBTq,1,11,208,2357,en,1360906776045060097,1725528027981832296,choggily_milk,https://twitter.com/choggily_milk/status/1725528027981832296,
Fri Nov 17 14:26:25 +0000 2023,1725520774629298530,"IT'S time for all us Blues Fans,team etc stick together and get out this mess Weve been in shit positions like this before and knowing EFC will be again But not once have I ever like my father before me and vice versa with my kids wanted to be anything but a blue KEEP THE FAITH https://t.co/mZyYUr9Slz",0,21,54,492,en,1613906455429632000,1725520774629298530,BarryMu24127093,https://twitter.com/BarryMu24127093/status/1725520774629298530,
Fri Nov 17 14:23:25 +0000 2023,1725520018664718534,"Nice one . It is actually m…õ…õns…õm or mmarima ns…õm"" not Mensah.  ""Efie biara m…õ…õns…õm w…î mu"" which means there's ruffianism or aggression  in every household.  And not Mensah ,as in third born.""",15,17,86,210,en,1329096613902561283,1725520018664718534,OwusuJR_,https://twitter.com/OwusuJR_/status/1725520018664718534,
Fri Nov 17 13:42:10 +0000 2023,1725509637909205221,What is that one language you wish to speak fluently?,13,162,18,152,en,3149150837,1725509637909205221,Happie_Mu,https://twitter.com/Happie_Mu/status/1725509637909205221,
Fri Nov 17 12:37:05 +0000 2023,1725493257529102457,my dil is in my mu guysüò≠ü§åüèªü´Äü´∂üèº #Abhisha https://t.co/xxzrg68cMM,4,6,498,1579,en,1694746826929520640,1725493257529102457,kayooteedits,https://twitter.com/kayooteedits/status/1725493257529102457,
Fri Nov 17 10:59:18 +0000 2023,1725468651166306562,"@GravitysRa1nbow spend the entire time flirting with his wife""  Good old Iliad diplomacy. Works every time.""",0,0,0,256,en,1341535607080824833,1725466669122744751,MuKuDk2,https://twitter.com/MuKuDk2/status/1725468651166306562,GravitysRa1nbow
Fri Nov 17 10:56:30 +0000 2023,1725467946804445230,"Allah kaci gaba da rufa mana asiri,mu ci halak mu gama lafiya kamar iyayen mu. See how the mopol is directing emefele like a commoner. This is someone that is a whole central bank governor of a country like Nigeria.  Everyday we see why our parents distanced themselves from such.",6,16,121,154,en,730833825249538051,1725467946804445230,umarkhalifa19,https://twitter.com/umarkhalifa19/status/1725467946804445230,
Fri Nov 17 10:41:48 +0000 2023,1725464245158945092,WHY IS HE MAKING THOSE FACES WHY IS HE LIKE TRYING TO BE SEDUCTIVE EW OH MY GOD MU DAY IS RUINED https://t.co/5taTa0Jd5J,0,0,15,744,en,1495681107966275584,1725464245158945092,neeppneepp,https://twitter.com/neeppneepp/status/1725464245158945092,
Fri Nov 17 07:57:15 +0000 2023,1725422835881935171,MU üê± 231117 - 16:16  : Yesterday https://t.co/Ir7kmdPNhC,2,0,27,271,en,1277810014997098496,1725422835881935171,niziubbl,https://twitter.com/niziubbl/status/1725422835881935171,
Fri Nov 17 07:34:15 +0000 2023,1725417046597382145,president Museveni talks about Sex:  ‚ÄúMunoonyaki mu bwa malaaya? Are you inspectors of private parts‚Äù? https://t.co/WQbvwSQiTA,13,42,102,378,en,1110881874132504580,1725417046597382145,MwesigyeFranks,https://twitter.com/MwesigyeFranks/status/1725417046597382145,
Fri Nov 17 07:16:37 +0000 2023,1725412608193474805,"@karlitsssssss but she didn‚Äôt secure a spot in the voice for change and that says a lot about her chances on the crown already. knowing that the recent MU editions have been heavy on advocacies and they‚Äôre looking for a spokesperson more than a model. idk, we‚Äôll see. she at least deserves top 5",0,1,2,192,en,1166298230843265024,1725369017077309863,thisisriccy,https://twitter.com/thisisriccy/status/1725412608193474805,karlitsssssss
Fri Nov 17 06:31:29 +0000 2023,1725401251574137156,WHY IS HE MAKING THOSE FACES WHY IS HE LIKE TRYING TO BE SEDUCTIVE EW OH MY GOD MU DAY IS RUINED https://t.co/pweZ83u8U7,2,11,205,1953,en,1637889583894372356,1725401251574137156,slayhey_,https://twitter.com/slayhey_/status/1725401251574137156,
Fri Nov 17 05:48:52 +0000 2023,1725390526600380579,"#AngelinaJolie, #MaddoxJoliePitt and #PaxJoliePitt at the luncheon for the 2023 Sweet Mu Pi Chapter of Alpha Kappa Alpha Sorority, Inc., Spelman College https://t.co/tmrRYv05XA",5,0,10,207,en,1380341341780115462,1725390526600380579,_joliefamily_,https://twitter.com/_joliefamily_/status/1725390526600380579,
Fri Nov 17 05:29:47 +0000 2023,1725385725368263010,"as we fight for our rights as iskolars ng bayan, let us not forget that classrooms and universities were turned to ashes in palestine just in the past month.",0,2,273,874,en,1359467324235862018,1725385725368263010,MU0GNABUO,https://twitter.com/MU0GNABUO/status/1725385725368263010,
Fri Nov 17 05:21:58 +0000 2023,1725383759221170493,"üÜïüì∏ Dr. Jacqueline Walters, founder of 50 shades of Pink Foundation, A post-surgical brand for breast cancer patients and survivors, chats with #AngelinaJolie at luncheon for the 2023 Sweet Mu Pi Chapter of Alpha Kappa Alpha Sorority, Inc., Spelman College. https://t.co/FEr07hPfXQ",14,5,164,1327,en,1307328825001275393,1725383759221170493,angeltresjolie_,https://twitter.com/angeltresjolie_/status/1725383759221170493,
Fri Nov 17 04:42:02 +0000 2023,1725373709727170577,Naye mwe.... Love is a beautiful and powerful thing (disclaimer)ü§å‚ò†Ô∏èüòÇ See how it made the notoriously no~nonsense Rukutana who once told Bamugemereire to go and report him to God softer than a spaghetti strand in boiling water üòÇü´£ https://t.co/eOr17DiFcI,11,38,45,316,en,829577236734951424,1725373709727170577,kadobamosesUG,https://twitter.com/kadobamosesUG/status/1725373709727170577,
Fri Nov 17 03:30:54 +0000 2023,1725355807213060369,‚ÄúThe Queen of Pop has gone goth‚Äù  EXACTLY Mother TELL EM WHO YOU BE https://t.co/FKHtBD4Lbj,3,3,35,248,en,1538678063164186624,1725355807213060369,QueenofPopMUSlC,https://twitter.com/QueenofPopMUSlC/status/1725355807213060369,
Fri Nov 17 02:36:28 +0000 2023,1725342109408874512,Shawn Mendes Hands ‚ù§Ô∏è‚Äçüî•‚ù§Ô∏è‚Äçüî• https://t.co/jH20UyWCyy,16,3,94,1083,en,1401606256671039495,1725342109408874512,Mu_InWonder,https://twitter.com/Mu_InWonder/status/1725342109408874512,
Fri Nov 17 02:09:06 +0000 2023,1725335218926800930,This is something that me and my friends have no idea. Who can give us a guess as to why Mu Qing was so excited?  cuz he finally discovered Xie Lian had a cruel side like normal humans? üßê,5,20,52,740,en,3146694941,1725335218926800930,Twins_side,https://twitter.com/Twins_side/status/1725335218926800930,
Fri Nov 17 01:52:57 +0000 2023,1725331158387560450,MESSI LOSES THE BALL AND NUNEZ SCORES. üò≠üò≠üò≠  https://t.co/Z8C8921ejc,51,68,252,1918,en,599147268,1725331158387560450,FutbolMuu,https://twitter.com/FutbolMuu/status/1725331158387560450,
Fri Nov 17 01:40:27 +0000 2023,1725328012206346363,idec about him not having his wicks from the movie why is everyone insistent on the same like 3 black hair styles,2,7,28,515,en,1148046857454718977,1725328012206346363,Ari3mu,https://twitter.com/Ari3mu/status/1725328012206346363,
Fri Nov 17 00:35:11 +0000 2023,1725311584762032585,This is a red card for any other player in the world but not for FIFA's boy Lionel Messi.  The most protected player of all time.  https://t.co/f1vxkCl2f5,194,297,907,5499,en,599147268,1725311584762032585,FutbolMuu,https://twitter.com/FutbolMuu/status/1725311584762032585,
Thu Nov 16 23:27:03 +0000 2023,1725294440628007062,4 people on that live im sorry id sit everyone down and interrogate them until i found the rat idgaf,1,2,14,244,en,2185671758,1725294440628007062,MblaqCrymp3,https://twitter.com/MblaqCrymp3/status/1725294440628007062,
Thu Nov 16 22:56:17 +0000 2023,1725286698500661751,"@browningisland Nigga, was that supposed to make us feel better",0,2,9,165,en,127092352,1725282372222877727,Have_MURcy,https://twitter.com/Have_MURcy/status/1725286698500661751,browningisland
Thu Nov 16 22:00:13 +0000 2023,1725272586123100612,Madonna respectfully asking fans during rehearsal to stop recording and wait for the show ü§ç https://t.co/Cykv2okJMG,7,11,34,296,en,1538678063164186624,1725272586123100612,QueenofPopMUSlC,https://twitter.com/QueenofPopMUSlC/status/1725272586123100612,
Thu Nov 16 21:47:59 +0000 2023,1725269507348828184,remember when hualian‚Äôs statues broke into heaven and did it in mu qing‚Äôs backyard,26,10,103,1107,en,1425068572385161217,1725269507348828184,planetmuqing,https://twitter.com/planetmuqing/status/1725269507348828184,
Thu Nov 16 21:09:48 +0000 2023,1725259899364348101,"Surprise College visit by Taata, the uncles &amp  aunties‚Ä¶ ‚ÄúIgnore the diff in height between [First Son] Solomon Kampala &amp  [President] @HEBobiwine. Naye Ensi eno! Mbu Kati nange nina omwana mu university? Kyo ki kyo!‚Äù ‚úçÔ∏è~First Lady @BarbieItungoKüíÉ‚Ä¶ https://t.co/BOD2RYNr0e",0,7,28,489,en,1037645939895349248,1725259899364348101,BuffaloSoldierA,https://twitter.com/BuffaloSoldierA/status/1725259899364348101,"HEBobiwine, BarbieItungoK"
Thu Nov 16 20:51:09 +0000 2023,1725255205292482998,i care about consistency more than anything else and i think you can see it most in my edgeguards  also stop saying this mu is -2 i stg üò≠ https://t.co/LR2PkNFFsY,1,11,7,233,en,772074085,1725255205292482998,MajorSSB,https://twitter.com/MajorSSB/status/1725255205292482998,
Thu Nov 16 19:52:50 +0000 2023,1725240531133882847,Mu qing loves spending hours and hours petting puqi shrine's cats ü•∞üêà‚Äç‚¨õ I wanted to do an art for Mu qing happy day but it turned into a hc distress signal ü§≠ (ofc mq adopted them all) #tgcf #Â§©ÂÆòËµêÁ¶è https://t.co/7lPCrJQ6u1,0,9,194,871,en,796620499392622592,1725240531133882847,eedweiz,https://twitter.com/eedweiz/status/1725240531133882847,
Thu Nov 16 19:23:08 +0000 2023,1725233054380101640,Whats crazy is that gojo looked at this and not only tanked it but said yeah my ct is better  https://t.co/VOMfTifnx2,4,8,40,471,en,1638830531168141313,1725233054380101640,shinobirate,https://twitter.com/shinobirate/status/1725233054380101640,
Thu Nov 16 19:00:19 +0000 2023,1725227312801542463,Madonna delivering amazing vocals in a beautiful acoustic performance of Mother and Father https://t.co/5xhsXvIJhQ,9,10,81,403,en,1538678063164186624,1725227312801542463,QueenofPopMUSlC,https://twitter.com/QueenofPopMUSlC/status/1725227312801542463,
Thu Nov 16 18:46:57 +0000 2023,1725223952057057406,üÜïüì∏ This gets much better. #AngelinaJolie attends the Neophyte presentation of The Sweet Mu Pi Chapter of Alpha Kappa Alpha where her daughter Zahara Marley Jolie is now a member. üëèü´∂ https://t.co/XJcIqNgYFH,227,64,1141,10546,en,1307328825001275393,1725223952057057406,angeltresjolie_,https://twitter.com/angeltresjolie_/status/1725223952057057406,
Thu Nov 16 18:44:18 +0000 2023,1725223285317660726,can anyone see my posts? if you van please reply or like so i know mu account is getting seen.  i'm being heavily censored  i put up an important post earlier nobody has responded or liked..  i'm very grateful.... Scott,0,56,27,310,en,228922366,1725223285317660726,schiedamseschot,https://twitter.com/schiedamseschot/status/1725223285317660726,
Thu Nov 16 18:44:06 +0000 2023,1725223231068471578,Teenagers by My Chemical Romance‚ô© https://t.co/89TCb9pcq5,83,4,1151,3939,en,1703868558835400705,1725223231068471578,xXMu3icl0v3rXx,https://twitter.com/xXMu3icl0v3rXx/status/1725223231068471578,
Thu Nov 16 17:27:46 +0000 2023,1725204021290381612,i‚Äôm so grateful for the people on the animation team who love mu qing https://t.co/gCJF3lWGKE,44,9,603,3342,en,1561380619829088259,1725204021290381612,fqrot,https://twitter.com/fqrot/status/1725204021290381612,
Thu Nov 16 17:05:31 +0000 2023,1725198425027752322,Blond Ambition Madonna üë±üèª‚Äç‚ôÄÔ∏è https://t.co/7ZhCJ9qSZt,2,4,16,168,en,1538678063164186624,1725198425027752322,QueenofPopMUSlC,https://twitter.com/QueenofPopMUSlC/status/1725198425027752322,
Thu Nov 16 16:56:13 +0000 2023,1725196082068562174,Gorgeous Nightmare by Escape The Fate‚ô© https://t.co/gQuneRarYB,16,5,108,441,en,1703868558835400705,1725196082068562174,xXMu3icl0v3rXx,https://twitter.com/xXMu3icl0v3rXx/status/1725196082068562174,
Thu Nov 16 16:23:01 +0000 2023,1725187726213812333,"I mock this Lad daily and find him amusing, if he turns out to be correct my whole life was a lie.",3,154,27,639,en,1565977883688017920,1725187726213812333,BillyMeredithMU,https://twitter.com/BillyMeredithMU/status/1725187726213812333,
Thu Nov 16 15:41:25 +0000 2023,1725177260032827594,Darnell Washington https://t.co/jr9hlquMS7,5,26,15,464,en,1284559507293691904,1725177260032827594,MUTality7,https://twitter.com/MUTality7/status/1725177260032827594,
Thu Nov 16 15:40:17 +0000 2023,1725176973754863623,Jack Campbell https://t.co/MlkxWcLncz,4,6,9,455,en,1284559507293691904,1725176973754863623,MUTality7,https://twitter.com/MUTality7/status/1725176973754863623,
Thu Nov 16 15:39:06 +0000 2023,1725176676101882055,Jordan Reed   New Team Captain https://t.co/tHMWzIkcqE,11,43,16,588,en,1284559507293691904,1725176676101882055,MUTality7,https://twitter.com/MUTality7/status/1725176676101882055,
Thu Nov 16 15:38:13 +0000 2023,1725176454831391172,Snickers Promo  can get 1 of these cards for free https://t.co/3tiq2ntd1r,6,56,6,311,en,1284559507293691904,1725176454831391172,MUTality7,https://twitter.com/MUTality7/status/1725176454831391172,
Thu Nov 16 14:44:10 +0000 2023,1725162850698617060,"While Catriona Gray has always supported the MU reps that came after her, she'd never really said much about her impressions about them. This is the first time. üí´ Bonus that both she &amp  #MichelleDee came from Miss World &amp  then rose to represent the country in #MissUniverse. https://t.co/V8sr6lK1qF",6,6,124,1355,en,1531844224642994176,1725162850698617060,yesitisprecious,https://twitter.com/yesitisprecious/status/1725162850698617060,
Thu Nov 16 14:26:08 +0000 2023,1725158315091464686,i &lt 3 magazine covers so much https://t.co/ekgT75xEAy,59,9,639,3420,en,1703868558835400705,1725158315091464686,xXMu3icl0v3rXx,https://twitter.com/xXMu3icl0v3rXx/status/1725158315091464686,
Thu Nov 16 12:56:51 +0000 2023,1725135843159879871,hong er assim: https://t.co/Ok36dn2K5T,9,2,320,1367,en,1182331564669177856,1725135843159879871,Iiangod,https://twitter.com/Iiangod/status/1725135843159879871,
Thu Nov 16 10:05:00 +0000 2023,1725092595506815009,"Happy birthday to @ManUtd legend Paul Scholes üòÄüéà  Ahead of a big weekend for @ManUtdWomen, we're enjoying this #ThrowbackThursday snap of the former Reds midfielder and a young @katiezelem - now, of course, our #MUWomen skipper ü§©‚ù§Ô∏è https://t.co/GFsjyCv2bb",2,20,139,2220,en,133358416,1725092595506815009,MU_Foundation,https://twitter.com/MU_Foundation/status/1725092595506815009,"ManUtd, ManUtdWomen, katiezelem"
Thu Nov 16 10:01:32 +0000 2023,1725091725121872135,GET IT! #„Ç´„Éº„Éì„Ç£„Ç§„É©„Çπ„Éà https://t.co/WZKGdRKvhQ,0,0,46,230,en,1388657409598509058,1725091725121872135,jnDHxKdjsMuJdr9,https://twitter.com/jnDHxKdjsMuJdr9/status/1725091725121872135,
Thu Nov 16 08:38:00 +0000 2023,1725070703798444274,YE GYINA MU LIVE ‚úåüèæ  Ticket üéüÔ∏è: https://t.co/B6ZytECfcT https://t.co/FwYY9Qln1R,11,5,177,834,en,273803917,1725070703798444274,PureAkan,https://twitter.com/PureAkan/status/1725070703798444274,
Thu Nov 16 06:17:29 +0000 2023,1725035340275048578,@JoelMartinRubin @YasmineTaeb Wow the police state didn‚Äôt attack people at the ‚Äúwe love the police state‚Äù rally?,0,0,15,403,en,1542162555199782919,1724979149398593989,McMuIIah,https://twitter.com/McMuIIah/status/1725035340275048578,"JoelMartinRubin, YasmineTaeb"
Thu Nov 16 03:39:11 +0000 2023,1724995503559950545,Friendly (not) reminder that this is the kind of expression of Feng Xin that Mu Qing loathed the most:  #TGCFS2Spoilers #fengxin #muqing #xielian #xianletrio https://t.co/CcJK0JGsWW,21,3,143,953,en,1420551387637862400,1724995503559950545,SupporterShy,https://twitter.com/SupporterShy/status/1724995503559950545,
Thu Nov 16 03:09:50 +0000 2023,1724988118967923004,A reminder that Xie Lian was the only one who believed in Mu Qing during this scene and he never doubt or blame him for anything. https://t.co/OQJAQ8feoP,12,2,109,744,en,1083333430526468096,1724988118967923004,flwrxielian,https://twitter.com/flwrxielian/status/1724988118967923004,
Thu Nov 16 03:00:09 +0000 2023,1724985681993216292,Madonna performs a beautiful acoustic version of Don‚Äôt Tell Me 100% Live https://t.co/6Mdy4g5p6M,5,7,51,282,en,1538678063164186624,1724985681993216292,QueenofPopMUSlC,https://twitter.com/QueenofPopMUSlC/status/1724985681993216292,
Thu Nov 16 02:12:03 +0000 2023,1724973575315112274,@BradSherman Really....THIS is what you took from the attack?? My lord,0,7,8,704,en,55729686,1724969356373737481,MU_CHRIS,https://twitter.com/MU_CHRIS/status/1724973575315112274,BradSherman
Thu Nov 16 01:52:01 +0000 2023,1724968535342886980,Good girl. https://t.co/RX2MZxHYWz,2,17,16,566,en,1481284619576168456,1724968535342886980,MuItimach,https://twitter.com/MuItimach/status/1724968535342886980,
Thu Nov 16 01:29:37 +0000 2023,1724962897997033846,Every Ugandan is proud of their very own. Son of the landüá∫üá¨üñ§ https://t.co/II0JPJtCtX,0,4,24,281,en,1168882969697837056,1724962897997033846,NsubugaMu,https://twitter.com/NsubugaMu/status/1724962897997033846,
Thu Nov 16 01:27:20 +0000 2023,1724962324090331551,"Maleeha Hashmi Unveiled The Hypocrisy of Shahid Afridi. Well Said Maleeha "" #BabarAzamIsMyCaptian Parchi #ImranKhanPTI  #PetrolDieselPrice  Cheaters #ÿßÿ®Ÿà_ÿπÿ®ŸäÿØÿ© https://t.co/xQIZ8DJyLr""",0,12,79,315,en,1270989533090324490,1724962324090331551,TahirMu49047594,https://twitter.com/TahirMu49047594/status/1724962324090331551,
Thu Nov 16 01:18:41 +0000 2023,1724960144344109131,real footage of me during the Mu Qing is a healer reveal in donghua season 2 https://t.co/5BpjZyKL3f,1,3,18,438,en,1431730260345860103,1724960144344109131,CATACLYSMICEVIE,https://twitter.com/CATACLYSMICEVIE/status/1724960144344109131,
Wed Nov 15 23:12:55 +0000 2023,1724928497045381143,pair https://t.co/cmiHTE3Ywi,5,2,306,1701,en,1511731988352634885,1724928497045381143,ri_mu_ra,https://twitter.com/ri_mu_ra/status/1724928497045381143,
Wed Nov 15 23:02:59 +0000 2023,1724925994522317208,Madonna Celebration Rehearsals https://t.co/WQkI0g3NNS,6,7,42,361,en,1538678063164186624,1724925994522317208,QueenofPopMUSlC,https://twitter.com/QueenofPopMUSlC/status/1724925994522317208,
Wed Nov 15 22:57:44 +0000 2023,1724924672263782486,"I really need to stress the importance Sans VS Judge has for Death Battle, so here's a thread for the potential this MU has should be it win the Tournament of Champions üßµ https://t.co/dDMaXkwrfd",3,7,94,262,en,1501280960049934336,1724924672263782486,viking_gumball,https://twitter.com/viking_gumball/status/1724924672263782486,
Wed Nov 15 22:42:13 +0000 2023,1724920767660310541,Belgravia Gin and Dry lemon is what Brutal fruit thought it was.,9,4,52,198,en,2734282253,1724920767660310541,musondazozo,https://twitter.com/musondazozo/status/1724920767660310541,
Wed Nov 15 22:26:23 +0000 2023,1724916784363389265,@TheBaddestMitch I want his momma picked up too,2,3,16,806,en,127092352,1724914174323577110,Have_MURcy,https://twitter.com/Have_MURcy/status/1724916784363389265,TheBaddestMitch
Wed Nov 15 22:23:30 +0000 2023,1724916060560740456,@jiggyjayy2 If I see a really pro black man like hotep level I know he got a Yt wife or a biracial baby somewhere,1,0,6,178,en,127092352,1724914812088397989,Have_MURcy,https://twitter.com/Have_MURcy/status/1724916060560740456,jiggyjayy2
Wed Nov 15 22:23:14 +0000 2023,1724915990629064891,Do you want mu qing running around on your laptop screen?? You can download the Mu Qing shimeji (desktop pet) I‚Äôve created! He will keep you company while you work ü•∞   Download link and installation instructions below! https://t.co/Sg4y5uIOV5,7,4,67,349,en,894300051442286592,1724915990629064891,Fawnmisty_,https://twitter.com/Fawnmisty_/status/1724915990629064891,
Wed Nov 15 21:11:44 +0000 2023,1724897997782421522,Hell Above by Pierce The Veil ‚ô© https://t.co/cJxebna6S7,72,1,653,1871,en,1703868558835400705,1724897997782421522,xXMu3icl0v3rXx,https://twitter.com/xXMu3icl0v3rXx/status/1724897997782421522,
Wed Nov 15 20:24:47 +0000 2023,1724886181484355931,mu qing's shackle ‚Äî  #tgcf #Â§©ÂÆòËµêÁ¶è #muqing #junwu https://t.co/FqgBT8BqA8,55,27,845,4719,en,2695680786,1724886181484355931,_mantoudahan,https://twitter.com/_mantoudahan/status/1724886181484355931,
Wed Nov 15 19:50:35 +0000 2023,1724877575132975311,The Queen of Pop Madonna &amp  The Queen of Latin Pop Gloria Estefan ü§ç https://t.co/plvZnZboZT,5,7,37,517,en,1538678063164186624,1724877575132975311,QueenofPopMUSlC,https://twitter.com/QueenofPopMUSlC/status/1724877575132975311,
Wed Nov 15 19:24:00 +0000 2023,1724870888330342447,"Cat's out the bag. I'm happy to announce that I'll be working on Monster Crown 2 as the lead composer. I have been working on the music for a few months now, though there's still a lot of work to be done. I'm focused on delivering new quality music, so please look forward to it!",1,30,58,234,en,1166810537071730688,1724870888330342447,onion_mu,https://twitter.com/onion_mu/status/1724870888330342447,
Wed Nov 15 19:24:00 +0000 2023,1724870885276880991,Zambian businesses love famous people hmm. Us NPCs it‚Äôs always bad service,9,6,32,167,en,2734282253,1724870885276880991,musondazozo,https://twitter.com/musondazozo/status/1724870885276880991,
Wed Nov 15 18:42:14 +0000 2023,1724860377429586151,mu qing‚Äôs little smile ‚òπÔ∏è‚òπÔ∏è‚òπÔ∏è i need to hold him gently https://t.co/wkBOXey9sC,29,3,276,2158,en,1561380619829088259,1724860377429586151,fqrot,https://twitter.com/fqrot/status/1724860377429586151,
Wed Nov 15 18:00:27 +0000 2023,1724849861235999024,Mu qing rolling up his sleeve to heal he xuan... hes a doctor fr #tgcfs2spoilers https://t.co/fkGYPfawkD,7,1,48,531,en,1323178206157918208,1724849861235999024,woofmeoww,https://twitter.com/woofmeoww/status/1724849861235999024,
Wed Nov 15 17:49:12 +0000 2023,1724847028721615227,Madonna asking fans to pick a song for her to do after she wrapped up with Soundcheck https://t.co/R8sXJdIoZp,23,37,106,1220,en,1538678063164186624,1724847028721615227,QueenofPopMUSlC,https://twitter.com/QueenofPopMUSlC/status/1724847028721615227,
Wed Nov 15 17:41:15 +0000 2023,1724845030181929252,The Diary of Jane by Breaking Benjamin https://t.co/QNLmhwLufW,36,2,300,997,en,1703868558835400705,1724845030181929252,xXMu3icl0v3rXx,https://twitter.com/xXMu3icl0v3rXx/status/1724845030181929252,
Wed Nov 15 16:19:12 +0000 2023,1724824378590765252,Isn't this some beautiful African inspiration Print design from @FlyAirZimbabwe ‚ù§Ô∏èüíØüî• https://t.co/NSzhxTZKdI,39,82,195,1207,en,829577236734951424,1724824378590765252,kadobamosesUG,https://twitter.com/kadobamosesUG/status/1724824378590765252,FlyAirZimbabwe
Wed Nov 15 15:57:08 +0000 2023,1724818826984894713,You be OG if you know this movie  Heard a Part II is coming out next year. https://t.co/LNK0aqGCId,4,68,54,163,en,3119818584,1724818826984894713,Sir_muba,https://twitter.com/Sir_muba/status/1724818826984894713,
Wed Nov 15 15:55:09 +0000 2023,1724818329125187681,new promo called ‚Äúcover athletes‚Äù coming soon https://t.co/wlzzYZFDJQ,13,51,14,519,en,1284559507293691904,1724818329125187681,MUTality7,https://twitter.com/MUTality7/status/1724818329125187681,
Wed Nov 15 15:49:52 +0000 2023,1724816997307777469,"üö®üá´üá∑üè¥Û†ÅßÛ†Å¢Û†Å•Û†ÅÆÛ†ÅßÛ†Åø #PL |  ‚óâ Jean Claude Blanc is set to become Manchester United's new CEO, once the purchase of Jim Ratcliffe's shares has been completed.  ‚óâ MU also want Paul Mitchell. The former Monaco manager is ready to sign, but some details have yet to be finalized.  ‚óâ MU has also‚Ä¶ https://t.co/GAuyHVveIJ",133,43,270,1499,en,1199736038874324993,1724816997307777469,Santi_J_FM,https://twitter.com/Santi_J_FM/status/1724816997307777469,
Wed Nov 15 15:48:21 +0000 2023,1724816618172068113,Barry Sanders https://t.co/a4SF6IuM6J,4,34,9,269,en,1284559507293691904,1724816618172068113,MUTality7,https://twitter.com/MUTality7/status/1724816618172068113,
Wed Nov 15 15:47:29 +0000 2023,1724816399862829085,Ted Hendricks https://t.co/MwxpTRDkom,7,12,8,417,en,1284559507293691904,1724816399862829085,MUTality7,https://twitter.com/MUTality7/status/1724816399862829085,
Wed Nov 15 15:43:18 +0000 2023,1724815344236130554,CJ Stroud gets the ‚ÄúMatthew Berry Boost‚Äù and will go to a 93 OVR for the next week https://t.co/DcxWWSfagc,1,2,9,198,en,1284559507293691904,1724815344236130554,MUTality7,https://twitter.com/MUTality7/status/1724815344236130554,
Wed Nov 15 15:39:15 +0000 2023,1724814324386935123,Mike Evans LTD https://t.co/zeK8C6eldZ,4,25,5,199,en,1284559507293691904,1724814324386935123,MUTality7,https://twitter.com/MUTality7/status/1724814324386935123,
Wed Nov 15 15:38:18 +0000 2023,1724814088700576104,Robert Spillane LTD https://t.co/TsnZwsPc8f,10,13,11,265,en,1284559507293691904,1724814088700576104,MUTality7,https://twitter.com/MUTality7/status/1724814088700576104,
Wed Nov 15 15:36:05 +0000 2023,1724813527095955794,AP Update:  Offensive AP is staying the same  Defensive AP is going up to 9AP,11,28,14,551,en,1284559507293691904,1724813527095955794,MUTality7,https://twitter.com/MUTality7/status/1724813527095955794,
Wed Nov 15 15:29:10 +0000 2023,1724811790578553120,David Ornstein is a class act to be fair. #GlazersOut https://t.co/2zWLTi1A2q,7,25,86,1693,en,1565977883688017920,1724811790578553120,BillyMeredithMU,https://twitter.com/BillyMeredithMU/status/1724811790578553120,
Wed Nov 15 15:17:47 +0000 2023,1724808922148806718,"- November 2020: landmark speech.""  - January 2023: ""landmark speech.""  - November 2023: ""biggest speech of her life.""   üôÉ https://t.co/v99H06BZlw""",18,85,74,526,en,1025035651580928005,1724808922148806718,Mu_Ri_Elle,https://twitter.com/Mu_Ri_Elle/status/1724808922148806718,
Wed Nov 15 15:05:57 +0000 2023,1724805946986340513,The Drug In Me Is You by Falling in Reverse https://t.co/cWA2lfliLv,214,28,872,3084,en,1703868558835400705,1724805946986340513,xXMu3icl0v3rXx,https://twitter.com/xXMu3icl0v3rXx/status/1724805946986340513,
Wed Nov 15 14:57:54 +0000 2023,1724803918453260484,bedtime story.  #Artchivist https://t.co/Z8yWaALodo,0,4,391,1340,en,1716811076061581313,1724803918453260484,Sakuraba_Mu,https://twitter.com/Sakuraba_Mu/status/1724803918453260484,
Wed Nov 15 14:25:00 +0000 2023,1724795639249158412,"Unsettling ambient folk-horror masterpiece THE RITES OF MU (1991) is a demented fantasy from avant-garde pop terrorists The KLF. The chilling score never stops, the cinematography is otherworldly, and Martin Sheen‚Äôs hardboiled narration is straight out of a film noir. https://t.co/GZKCHoiNnT",3,7,49,352,en,768842321240686593,1724795639249158412,paperbacksnpugs,https://twitter.com/paperbacksnpugs/status/1724795639249158412,
Wed Nov 15 14:09:10 +0000 2023,1724791655973503298,This was satisfying to watchüòÖ NAKABA Ali mu loss https://t.co/tKawEgVSeu,13,2,43,246,en,384617702,1724791655973503298,kuxthedon,https://twitter.com/kuxthedon/status/1724791655973503298,
Wed Nov 15 13:25:56 +0000 2023,1724780777202942198,"This was clear for months now that Mu sk had seriously totally switched in favor of #Russia, but now he is stepping up and directly using Kremlin's words (he is not working for them though, but this is actually worst news, bc it means he is 100% under conspiracy theorists rules) https://t.co/F9dU7X3OcJ",2,9,41,171,en,1463777306539868162,1724780777202942198,HeliosRunner,https://twitter.com/HeliosRunner/status/1724780777202942198,
Wed Nov 15 13:22:50 +0000 2023,1724779997657997336,So many sops for Mu$lims. @INCTelangana don‚Äôt care about Hindus at all. Hear to the promises he is making to them.  What kind of secularism is this? Hindus are only voting machines. They will sell the country for the sake of Mu$lims. ü§Æü§Æüò°üò°  People of Telangana if you vote for‚Ä¶ https://t.co/EX8R44YEiy,42,74,1220,1403,en,67173491,1724779997657997336,ssaratht,https://twitter.com/ssaratht/status/1724779997657997336,INCTelangana
Wed Nov 15 13:12:17 +0000 2023,1724777341971267728,"üíéTHE MEDICINE OF THE HEARüíé  Yahy√° b. Mu'ƒÅdh and Ibrahƒ´m al-KhawwƒÅs said:  The medicine of the heart is five things:  ‚Ä¢ recitation of the Qur'ƒÅn with contemplation, ‚Ä¢ emptiness of the stomach, ‚Ä¢ the night prayer, ‚Ä¢ earnest supplication prior to daybreak  ‚Ä¢ and sitting""",0,2,93,340,en,1156386998829162498,1724777341971267728,athar_ahlul,https://twitter.com/athar_ahlul/status/1724777341971267728,
Wed Nov 15 13:10:06 +0000 2023,1724776790684533151,mu qing and his inability to not go anywhere without red eyeliner even in his fu yao form https://t.co/KPC4UxWcXR,13,3,127,1498,en,1425068572385161217,1724776790684533151,planetmuqing,https://twitter.com/planetmuqing/status/1724776790684533151,
Wed Nov 15 13:09:32 +0000 2023,1724776647788814724,HEALER MU QING https://t.co/TTOOkmYgrX,22,0,122,778,en,1425068572385161217,1724776647788814724,planetmuqing,https://twitter.com/planetmuqing/status/1724776647788814724,
Wed Nov 15 13:02:17 +0000 2023,1724774823686008980,^]**{{*{*{^%|^\%|^^‚Ç¨AAAAAAA DOUTOR MU QING üõêüõê   #TGCFS2Spoilers https://t.co/zVNO0BiQ6L,15,4,95,409,en,838548788356734976,1724774823686008980,xlianart,https://twitter.com/xlianart/status/1724774823686008980,
Wed Nov 15 12:55:07 +0000 2023,1724773019053076627,"Googlebot renders pages with Chrome, so it's worth checking that your pages work with the new cookie world.",1,2,48,166,en,5784292,1724773019053076627,JohnMu,https://twitter.com/JohnMu/status/1724773019053076627,
Wed Nov 15 12:44:22 +0000 2023,1724770316721754245,"can‚Äôt focus on anything but how pretty mu qing‚Äôs hair looks, i just know he spends hours taking care of it https://t.co/FovyNvIgiU",5,2,101,891,en,1561380619829088259,1724770316721754245,fqrot,https://twitter.com/fqrot/status/1724770316721754245,
Wed Nov 15 12:44:00 +0000 2023,1724770223952416994,"#TGCFS2Spoilers  The difference between their expressions, Mu Qing sure looks thrilled huh shshshshs https://t.co/v9eTUIzm3n",39,14,188,1915,en,1083333430526468096,1724770223952416994,flwrxielian,https://twitter.com/flwrxielian/status/1724770223952416994,
Wed Nov 15 12:42:57 +0000 2023,1724769957227970842,THIS IS SO IMPORTANT !!!! HEALER MU QING MY BABYGIRL IS SO TALENTED !!!!,0,1,88,646,en,1561380619829088259,1724769957227970842,fqrot,https://twitter.com/fqrot/status/1724769957227970842,
Wed Nov 15 12:18:59 +0000 2023,1724763927945568305,"tgcf s2 spoilers , #tgcfs2spoilers // . . HEALER MU QING!!!! YALL THIS IS NOT A DRILL THIS IS REAL AND CANON AND ACTUALLY GOT ANIMATED https://t.co/qjEwbriatG",57,2,232,1443,en,1327243419664539648,1724763927945568305,pocketmuqing,https://twitter.com/pocketmuqing/status/1724763927945568305,
Wed Nov 15 12:12:51 +0000 2023,1724762384202657951,[üéµ] U know how i excited it #TikTok   üîó https://t.co/1mmSJodWlO  #EPEX #Ïù¥ÌéôÏä§ #WISH #ÏúÑÏãú #KEUM #Í∏àÎèôÌòÑ #MU #ÎÆ§ #AMIN #ÏïÑÎØº #BAEKSEUNG #Î∞±Ïäπ #AYDEN #ÏóêÏù¥Îì†,101,0,213,925,en,1365282782683885572,1724762384202657951,the_EPEX,https://twitter.com/the_EPEX/status/1724762384202657951,
Wed Nov 15 12:07:55 +0000 2023,1724761140469583963,no one has ever stood there as beautifully as mu qing does! he‚Äôs so talented! https://t.co/0AM6xmx9p7,7,2,154,994,en,1561380619829088259,1724761140469583963,fqrot,https://twitter.com/fqrot/status/1724761140469583963,
Wed Nov 15 11:39:53 +0000 2023,1724754088158695483,"üö® USüá∫üá∏ California  Visual  has surfaced of a recent incident that took place on the 5th in East LA, where an immigrant Mu$lim armed with a knife attempted to carjack several people. The California Highway Patrol successfully captured the man after a pursuit. https://t.co/8vziote4iw",3,1,86,175,en,328106613,1724754088158695483,raviagrawal3,https://twitter.com/raviagrawal3/status/1724754088158695483,
Wed Nov 15 11:28:10 +0000 2023,1724751137721725356,"Seonho looks pat Byeon Wooseok's back and hugs Mu Jinsung, he's tyrant mate ü•π https://t.co/McqmzeCOTX",3,0,44,209,en,237635629,1724751137721725356,yourseonshine,https://twitter.com/yourseonshine/status/1724751137721725356,
Wed Nov 15 11:16:14 +0000 2023,1724748134092267877,Richard Arnold has been nothing short of a fucking disaster for @ManUtd  Was NEVER qualified for the role of CEO. ‚Ä¢ War on the MUFC fans was VILE. ‚Ä¢ Mason Greenwood handling. ‚Ä¢ Allowing away fans in United for revenue. ‚Ä¢ Summer signings. Murtough should fucking follow him! https://t.co/nKXZC0r3LC,1,45,55,324,en,1565977883688017920,1724748134092267877,BillyMeredithMU,https://twitter.com/BillyMeredithMU/status/1724748134092267877,ManUtd
Wed Nov 15 09:24:28 +0000 2023,1724720007882354888,"Kwita ku ubuzima bwo mu mutwe muri campaign ya #WeAreEqual. Thank you, @Imbuto, @OAFLAD, and all contributors, for the impactful campaign. I appreciate the invitation to have contributed to this significant initiative.   Iyi #Part1 ya Video isobanura icyo ubuzima bwo mu mutwe ari‚Ä¶ https://t.co/Y2289dJEw0",6,7,43,363,en,848848146,1724720007882354888,Umwegamirwa,https://twitter.com/Umwegamirwa/status/1724720007882354888,"Imbuto, OAFLAD"
Wed Nov 15 08:08:05 +0000 2023,1724700787958272256,16TH DEC. YE GYINA MU LIVE   üî•üî•üî• SEE YOU THERE ‚úåüèæ https://t.co/BAmm4GrtI0,5,13,227,755,en,273803917,1724700787958272256,PureAkan,https://twitter.com/PureAkan/status/1724700787958272256,
Wed Nov 15 07:18:10 +0000 2023,1724688224499433759,madem hua hawaamini kuna more important things than box,5,29,516,1308,en,1031942758930542592,1724688224499433759,Mareh3mu,https://twitter.com/Mareh3mu/status/1724688224499433759,
Wed Nov 15 06:39:28 +0000 2023,1724678486219260242,"ÿßŸÜ ÿ¥ÿßÿ° ÿßŸÑŸÑŸá I will be travelling for umrah with my family, pls pray Allah purifies our intentions and accepts our efforts. I would appreciate if you could keep us in your Duas and In‚ÄôSha‚ÄôAllah we will do the same for you. Also, please forgive me",0,14,16,307,en,1202336228521197569,1724678486219260242,ateeeeka,https://twitter.com/ateeeeka/status/1724678486219260242,
Wed Nov 15 06:04:12 +0000 2023,1724669609733693510,Madonna‚Äôs precision is INSANE https://t.co/Cbuq6SzNL3,4,0,25,186,en,1538678063164186624,1724669609733693510,QueenofPopMUSlC,https://twitter.com/QueenofPopMUSlC/status/1724669609733693510,
Wed Nov 15 05:26:24 +0000 2023,1724660097249419468,@SomaKazima OH THATS NOT‚Äî https://t.co/T0vjCUMNC6,3,6,21,1064,en,1538678063164186624,1724657013630677452,QueenofPopMUSlC,https://twitter.com/QueenofPopMUSlC/status/1724660097249419468,SomaKazima
Wed Nov 15 04:08:25 +0000 2023,1724640474034471205,But eehhh..... Some people were born naturally to do their things perfectly üíØüôå https://t.co/DJgRbjPOZ6,6,15,42,242,en,829577236734951424,1724640474034471205,kadobamosesUG,https://twitter.com/kadobamosesUG/status/1724640474034471205,
Wed Nov 15 03:51:49 +0000 2023,1724636295832437203,‚ÄúTrials flawless run hold your own‚Äù https://t.co/fLxH6k8Wdf,0,4,5,193,en,1481284619576168456,1724636295832437203,MuItimach,https://twitter.com/MuItimach/status/1724636295832437203,
Wed Nov 15 03:14:44 +0000 2023,1724626963543871730,"Fourth-ranked Marquette strolls into Champaign and beats No. 23 Illinois , 71-64. Tyler Kolek with another big game to add to his legend: 24 points, six boards, four dimes, two steals in 37 minutes on a tight ankle.   As previously reported, MU is a national title contender.",7,9,63,471,en,22730851,1724626963543871730,MattNorlander,https://twitter.com/MattNorlander/status/1724626963543871730,
Wed Nov 15 03:12:11 +0000 2023,1724626318963126363,Vladimir Putin sending the Russian police to arrest Madonna for speaking out against his Anti-LGBTQ agenda while touring in Russia is so iconic https://t.co/QQCIAmArrV,10,13,74,403,en,1538678063164186624,1724626318963126363,QueenofPopMUSlC,https://twitter.com/QueenofPopMUSlC/status/1724626318963126363,
Wed Nov 15 02:17:19 +0000 2023,1724612512656552174,‚òëÔ∏èHandbook of Drugs in ICU ‚ñ´Ô∏èFree: https://t.co/Jrg5lVsQ2n https://t.co/ty0SljuYBO,1,4,251,769,en,807139723,1724612512656552174,LeonardoSotoMu,https://twitter.com/LeonardoSotoMu/status/1724612512656552174,
Wed Nov 15 01:55:41 +0000 2023,1724607067854405826,"@cloudy_supreme @Zailey74 @yassnito @wooloosbitch Where do u live, narnia?",0,1,0,192,en,1351003199273136134,1724578452915794366,August_mu13,https://twitter.com/August_mu13/status/1724607067854405826,"cloudy_supreme, Zailey74, yassnito, wooloosbitch"
Wed Nov 15 01:46:22 +0000 2023,1724604722139615541,Patrick Surtain II https://t.co/1cOZ5Dn6d6,6,19,9,338,en,1284559507293691904,1724604722139615541,MUTality7,https://twitter.com/MUTality7/status/1724604722139615541,
Wed Nov 15 01:44:26 +0000 2023,1724604239496761564,Joey Porter LTD https://t.co/DxFoSKT8FI,1,17,13,210,en,1284559507293691904,1724604239496761564,MUTality7,https://twitter.com/MUTality7/status/1724604239496761564,
Wed Nov 15 01:41:12 +0000 2023,1724603423511679372,Amon-Ra St Brown  +1 OVR 2+ Pass TDs +1 OVR 80+ Rec Yards https://t.co/9mvK1zFAKu,2,12,8,331,en,1284559507293691904,1724603423511679372,MUTality7,https://twitter.com/MUTality7/status/1724603423511679372,
Wed Nov 15 01:19:00 +0000 2023,1724597835994140924,"#Mizzou HC Eli Drinkwitz asked Cody Schrader to go back in the game vs. UT to get 20 yards for the MU scrimmage record.  Cody more or less said, this team doesn‚Äôt do individual awards.   Then, Drink playfully said he wish he did because ‚Äúwe‚Äôre trying to run up the score.‚Äù",7,9,48,685,en,2402358133,1724597835994140924,jarodchamilton,https://twitter.com/jarodchamilton/status/1724597835994140924,
Wed Nov 15 01:12:13 +0000 2023,1724596128044261490,Bad Girl Madonna üö¨ https://t.co/L0DMK8YivL,4,0,28,304,en,1538678063164186624,1724596128044261490,QueenofPopMUSlC,https://twitter.com/QueenofPopMUSlC/status/1724596128044261490,
Wed Nov 15 01:00:44 +0000 2023,1724593241704513899,Season 3 Teasers   who do we see ü§î https://t.co/ZgAfCGV0TF,3,53,8,207,en,1284559507293691904,1724593241704513899,MUTality7,https://twitter.com/MUTality7/status/1724593241704513899,
Tue Nov 14 23:25:00 +0000 2023,1724569146883702850,üö® We're giving away a 91 OVR @CJ7STROUD in MUT!  -RETWEET and COMMENT #Harvest for a chance to win! We'll DM one winner later tonight. üì®  Broadcast starts at 6:30PM ET: https://t.co/pV2XF0KVsW  üëÜ https://t.co/zbUlwDrvTh,30,545,543,335,en,1368282328045416449,1724569146883702850,MUTdotGG,https://twitter.com/MUTdotGG/status/1724569146883702850,CJ7STROUD
Tue Nov 14 22:54:17 +0000 2023,1724561416948957413,Tears Don't Fall by Bullet For My Valentine https://t.co/GZwgF7XgLZ,144,13,1014,3806,en,1703868558835400705,1724561416948957413,xXMu3icl0v3rXx,https://twitter.com/xXMu3icl0v3rXx/status/1724561416948957413,
Tue Nov 14 22:18:09 +0000 2023,1724552326596243583,"He‚Äôs a LCM, double pivot 6 at a push. Not a lone 6 for me now or I don‚Äôt think he has the physical attributes to be a lone 6 in the PL  Not a deal MU need to do, however if your thinking ahead he could be a Bruno replacement down the line pushing Mount up https://t.co/r03x2QbrNz",12,50,57,643,en,1648638342848823298,1724552326596243583,EverydayMUFC22,https://twitter.com/EverydayMUFC22/status/1724552326596243583,
Tue Nov 14 22:14:08 +0000 2023,1724551312694468953,Madonna‚Äôs smile ü§ç https://t.co/jABcOKuOk3,2,9,17,224,en,1538678063164186624,1724551312694468953,QueenofPopMUSlC,https://twitter.com/QueenofPopMUSlC/status/1724551312694468953,
Tue Nov 14 21:32:33 +0000 2023,1724540850552664361,@mainmajin Yeah because they take pics under girls skirts in fucking trains broüò≠,0,1,1,257,en,1638830531168141313,1724530681726767352,shinobirate,https://twitter.com/shinobirate/status/1724540850552664361,mainmajin
Tue Nov 14 21:15:27 +0000 2023,1724536547066700070,Call Me When You're Sober by  Evanescence ‚ô© https://t.co/n1esvsjWEL,64,7,656,2462,en,1703868558835400705,1724536547066700070,xXMu3icl0v3rXx,https://twitter.com/xXMu3icl0v3rXx/status/1724536547066700070,
Tue Nov 14 21:15:02 +0000 2023,1724536441047298059,@mainmajin The fact that niggas in japan need a sound and flash everytime they take a pic should show how bad they can getüò≠,0,4,1,679,en,1638830531168141313,1724530681726767352,shinobirate,https://twitter.com/shinobirate/status/1724536441047298059,mainmajin
Tue Nov 14 21:07:05 +0000 2023,1724534439667995074,@scottmelker ‚ÄúOn top of his security‚Äù üôÑ,0,11,0,378,en,1355219071571292160,1724531535221506361,MariaMu1988,https://twitter.com/MariaMu1988/status/1724534439667995074,scottmelker
Tue Nov 14 20:49:55 +0000 2023,1724530118515658885,Madonna &amp  Little Star ‚≠êÔ∏è https://t.co/4OjlZsusgP,5,0,20,241,en,1538678063164186624,1724530118515658885,QueenofPopMUSlC,https://twitter.com/QueenofPopMUSlC/status/1724530118515658885,
Tue Nov 14 20:29:44 +0000 2023,1724525041956659606,"The battle to stay away from sins has been made more difficult with the advent of smart phones, tablets and other technological devices, social media, and the list goes on. A beautiful piece of advice which will help us in our battle in staying away from sins, a must read: https://t.co/bQDUwVtSsD",0,1,142,256,en,234566197,1724525041956659606,MarkazMuaadh,https://twitter.com/MarkazMuaadh/status/1724525041956659606,
Tue Nov 14 20:23:08 +0000 2023,1724523381133824281,All these stocks hit new 52 week highs at some point today  Microsoft $MSFT Amazon $AMZN Facebook $META Costco $COST Walmart $WMT Broadcom $AVGO Lululemon $LULU DraftKings $DKNG Micron $MU Adobe $ADBE Crowdstrike $CRWD Mercadolibre $MELI ServiceNow $NOW $UBER Akamai $AKAM Arista‚Ä¶,9,22,125,624,en,1250830691824283648,1724523381133824281,StockMKTNewz,https://twitter.com/StockMKTNewz/status/1724523381133824281,
Tue Nov 14 18:30:04 +0000 2023,1724494925620768872,"@PitchSideTweets Him, his dad, and granddad have never seen Newcastle win a trophy üòÇ https://t.co/1zynVHYgU3",0,0,9,377,en,1604123003687780352,1724479808157921639,MU9RYK,https://twitter.com/MU9RYK/status/1724494925620768872,PitchSideTweets
Tue Nov 14 18:01:38 +0000 2023,1724487768124887539,"Hayley williams , MV for emergency by paramore 2oo6. ‚ãÜ‚òÜ https://t.co/Z5J27dR6v4",35,5,544,3045,en,1703868558835400705,1724487768124887539,xXMu3icl0v3rXx,https://twitter.com/xXMu3icl0v3rXx/status/1724487768124887539,
Tue Nov 14 18:01:34 +0000 2023,1724487753339945389,Madonna &amp  Lola cheering Rocco on while he rides his lil bike üò≠üò≠ https://t.co/rWeb6lEETM,5,6,61,649,en,1538678063164186624,1724487753339945389,QueenofPopMUSlC,https://twitter.com/QueenofPopMUSlC/status/1724487753339945389,
Tue Nov 14 17:13:24 +0000 2023,1724475633776890263,"Casemiro has been a better signing than Harry Maguire and he achieved that playing 6 months of football at a level Maguire hasn‚Äôt sniffed in his whole career. This disrespect to this champion is unreal, he single handily plugged gaps in Ten Hag flawed set up and was ran into the‚Ä¶",2,19,28,172,en,1245020837855576066,1724475633776890263,DevildetailsMU,https://twitter.com/DevildetailsMU/status/1724475633776890263,
Tue Nov 14 16:54:20 +0000 2023,1724470832842629419,"Well.... It seems to be that it is not a ghost, but something else :'] #Izukumidoriya #Izuocha #dekuocha #deku #urarakaochako #MHA #MyHeroAcademia https://t.co/WmWwHgo4Hd",3,10,219,1677,en,1536365269852925952,1724470832842629419,MU_1_2,https://twitter.com/MU_1_2/status/1724470832842629419,
Tue Nov 14 16:52:57 +0000 2023,1724470486942281779,@catfinches the tell tale heart to Edgar Allen Poe:,3,1,35,731,en,1506961329327943689,1724468985171779843,5RC00L15MU5,https://twitter.com/5RC00L15MU5/status/1724470486942281779,catfinches
Tue Nov 14 16:47:53 +0000 2023,1724469210892390586,"Yesterday we said goodbye to Sir Bobby Charlton, club legend and passionate supporter of our work ‚ù§Ô∏è  We will use his legacy to inspire the next generation, as shown when Girls Academy player Eva took part in commemorations to celebrate his life.  More üîó https://t.co/8a1va2eGZM https://t.co/Kw7wfoye49",1,0,21,392,en,133358416,1724469210892390586,MU_Foundation,https://twitter.com/MU_Foundation/status/1724469210892390586,
Tue Nov 14 16:27:19 +0000 2023,1724464033082847688,@TripleNetInvest Chicago real estate is great if you like eye-watering instability around your largest expense.,1,9,3,292,en,951570783096238081,1724450835592351835,mu2myoc,https://twitter.com/mu2myoc/status/1724464033082847688,TripleNetInvest
Tue Nov 14 16:09:00 +0000 2023,1724459424201191489,ukiingia DMs kujibu a thirst trap in which you were not the TA https://t.co/u0jat9J8cU,9,8,75,170,en,1031942758930542592,1724459424201191489,Mareh3mu,https://twitter.com/Mareh3mu/status/1724459424201191489,
Tue Nov 14 16:04:45 +0000 2023,1724458357099053555,ugly broke niggas hizo drama za kukua claimed publicly ni small small problems we will never have,15,4,138,340,en,1031942758930542592,1724458357099053555,Mareh3mu,https://twitter.com/Mareh3mu/status/1724458357099053555,
Tue Nov 14 15:52:38 +0000 2023,1724455308058034423,"11/14/70   We will never forget. They are us, we are them. We are‚Ä¶ Marshall    https://t.co/VFt0NXbwfC",5,1,91,382,en,2511218569,1724455308058034423,BarstoolMU,https://twitter.com/BarstoolMU/status/1724455308058034423,
Tue Nov 14 15:31:42 +0000 2023,1724450037319528461,IT WAS ABOUT TIME HONK HONK,0,13,11,392,en,1559918091223572481,1724450037319528461,TheMuYe,https://twitter.com/TheMuYe/status/1724450037319528461,
Tue Nov 14 15:26:42 +0000 2023,1724448778034323963,@DUSKdev What is the correct order on playing these?  Should I play Iron Lung to understand Garfield Lasagna Party or is it the other way around?  I need answers !!,0,1,0,296,en,1637206270930296833,1724262268626407755,Mu5tachedGames,https://twitter.com/Mu5tachedGames/status/1724448778034323963,DUSKdev
Tue Nov 14 15:03:22 +0000 2023,1724442905912176795,"Tyler Kolek (@KolekTyler) gets the steal and the game winning layup with 18 seconds left as @MarquetteMBB defeats #10 Illinois (@IlliniMBB) 67-66 on November 15, 2021 #mubb https://t.co/ARLaFu10g6",15,7,16,212,en,1194094691119194113,1724442905912176795,MUOverload,https://twitter.com/MUOverload/status/1724442905912176795,"KolekTyler, MarquetteMBB, IlliniMBB"
Tue Nov 14 14:54:37 +0000 2023,1724440706222109081,"Ngl complaing about this MU this patch seems off to me, Rat proved time and time again it's more than possible last patch and now it's more than just doable, I think it's just time Millias learn how to play around other characters more than trying to force their way of playing",3,27,16,254,en,1580289251723419650,1724440706222109081,SoraniFGC,https://twitter.com/SoraniFGC/status/1724440706222109081,
Tue Nov 14 14:06:30 +0000 2023,1724428597245432270,Not that easy for the Mu$lims.,1,17,221,1472,en,776460131722756100,1724428597245432270,JaipurDialogues,https://twitter.com/JaipurDialogues/status/1724428597245432270,
Tue Nov 14 13:06:46 +0000 2023,1724413565023764912,"Be yourself, and you can be anything  #·¥ç·¥ä·¥ú·¥õ·¥õüôÉ #M…æ_ùó•ùü¨Œ≤ùü¨ùóß¬≤‚Å∂üíöü§ç https://t.co/2lIl4e9O0N",0,11,119,377,en,1553898525062316034,1724413565023764912,iits_MuBii,https://twitter.com/iits_MuBii/status/1724413565023764912,
Tue Nov 14 12:32:57 +0000 2023,1724405053186773399,"BTP - Mu$lim officer, Imran Aftab. Whilst off duty, prowled central London, at night, looking for alone females. Imran used his warrant card to stop &amp  sexually proposition them. Sarah Everard!?! London police, you have a problem.   https://t.co/FF9FaG6xlY",8,30,439,606,en,186037135,1724405053186773399,RonEng1ish,https://twitter.com/RonEng1ish/status/1724405053186773399,
Tue Nov 14 11:18:03 +0000 2023,1724386207088398626,West Yorkshire - Mu$lims terrorise police who manage to escape üßê,2,44,115,177,en,186037135,1724386207088398626,RonEng1ish,https://twitter.com/RonEng1ish/status/1724386207088398626,
Tue Nov 14 11:15:57 +0000 2023,1724385677184295274,"@seyilaw1 @seyilaw1 am admonishing you to promptly venture into Agriculture with the little resources left with you before is too late, comedy is not for you oooü§∑üèº‚Äç‚ôÇÔ∏è  A word is enough for the wise",2,20,10,301,en,1172445944261955586,1724367089824080062,RabiuDanladiMu1,https://twitter.com/RabiuDanladiMu1/status/1724385677184295274,"seyilaw1, seyilaw1"
Tue Nov 14 11:03:19 +0000 2023,1724382495913775321,„Ääpress„Äã#Â§™‰∏≠ https://t.co/wAkbfE7DZN,4,1,293,2244,en,1715007066287304705,1724382495913775321,Ray_MuMing,https://twitter.com/Ray_MuMing/status/1724382495913775321,
Tue Nov 14 10:28:00 +0000 2023,1724373610788274316,"The only solution to Kampala roads and traffic is either cable cars or zipline  Rain comes with floods, bwowona floods nga ogwa mu potholes oba wakasomoka potholes mbu ate president is going to cut his hair in Nakasero all roads are closedüíÄ https://t.co/cJUUL0EAj2",1,10,47,303,en,1314582877,1724373610788274316,kingFahad_17,https://twitter.com/kingFahad_17/status/1724373610788274316,
Tue Nov 14 10:22:02 +0000 2023,1724372108724036091,She asked for it and got it wholesomely as a package üì¶ü§îüôå Abantu bakoowu üôå https://t.co/Syy5AuTiA5,11,73,49,317,en,829577236734951424,1724372108724036091,kadobamosesUG,https://twitter.com/kadobamosesUG/status/1724372108724036091,
Tue Nov 14 08:56:11 +0000 2023,1724350502941466637,"Gender based violence haipere zvekumhanya nemaStatements enyu aya  One Drunk Men is More Intelligent than 3 Women with PHDs"" https://t.co/ZxoYKceMW4""",1,9,19,160,en,3149150837,1724350502941466637,Happie_Mu,https://twitter.com/Happie_Mu/status/1724350502941466637,
Tue Nov 14 03:46:43 +0000 2023,1724272622991806511,these are just the identified names of toddlers (0-2) https://t.co/pGKGFWRyYn,0,0,59,261,en,1359467324235862018,1724272622991806511,MU0GNABUO,https://twitter.com/MU0GNABUO/status/1724272622991806511,
Tue Nov 14 03:41:00 +0000 2023,1724271184966275551,"Former Election Commissioner of India, Ashok Lavasa‚Äôs take on controversial electoral bonds. https://t.co/idUkd7MpyV",0,8,80,184,en,3226012897,1724271184966275551,GunasekaranMu,https://twitter.com/GunasekaranMu/status/1724271184966275551,
Tue Nov 14 03:33:03 +0000 2023,1724269182055764224,IT'LL COST HOW MU- https://t.co/cQ1VhilXiz,0,6,8,187,en,585698813,1724269182055764224,EpicNNG,https://twitter.com/EpicNNG/status/1724269182055764224,
Tue Nov 14 01:25:04 +0000 2023,1724236976134447187,"@thegameawards Getting community noted when theres a jury that literally are experts"" on this  is pretty tellingüíÄüíÄüíÄ""",0,12,41,1904,en,1637206270930296833,1724110877522043092,Mu5tachedGames,https://twitter.com/Mu5tachedGames/status/1724236976134447187,thegameawards
Mon Nov 13 23:59:47 +0000 2023,1724215513163743649,"#JUNGKOOK - LIVE AT 'TSX' Times Square, NYC - OFFICIAL VIDEO üîóhttps://t.co/KvfS2rpPKv https://t.co/Ye3QLzY1hE",13,1,280,515,en,1005726739891228672,1724215513163743649,KooMu_twt,https://twitter.com/KooMu_twt/status/1724215513163743649,
Mon Nov 13 23:17:02 +0000 2023,1724204756707553561,"#PrinceAndrew‚Äôs pal found guilty of sexually assaulting 4 women.  #PeterNygard ‚Äî aka 'the Canadian Jeffrey Epstein' ‚Äî was also accused of organising the rape of his sons, then aged 14 and 16.  Rapists and pedophiles, the entourage of the British #RoyalFamily ü§Æ https://t.co/NZcrMvS9uK",5,11,76,174,en,1025035651580928005,1724204756707553561,Mu_Ri_Elle,https://twitter.com/Mu_Ri_Elle/status/1724204756707553561,
Mon Nov 13 22:12:40 +0000 2023,1724188558183813343,I'm Not Okay (I Promise) by My Chemical Romance ‚ô© https://t.co/NvWzGbEJut,227,25,2255,6656,en,1703868558835400705,1724188558183813343,xXMu3icl0v3rXx,https://twitter.com/xXMu3icl0v3rXx/status/1724188558183813343,
Mon Nov 13 19:59:33 +0000 2023,1724155057476616583,Appreciate all the Recruits &amp  their families for joining us in Huntington this weekend as we Honored the 7Ô∏è‚É£5Ô∏è‚É£‚ùï  #WeAreMarshall üü¢‚ö™Ô∏è‚ö´Ô∏è https://t.co/CGWRzhqV7A,1,42,17,258,en,37501915,1724155057476616583,LoganM_MU,https://twitter.com/LoganM_MU/status/1724155057476616583,
Mon Nov 13 19:29:31 +0000 2023,1724147496954323241,"@Mu_Ri_Elle J. Whitaker Unless you are born into that family, you are a royal blood, you are always totally expendable in their eyes. The Windsorsare utterly ruthless. They will get rid of people, and this include people who marry into them."" Snaps fingers, says 'in the blink of an eye. https://t.co/Hs7zWHKQ12""",14,21,118,261,en,1372657883192627202,1723767762919580105,DrDobberstein,https://twitter.com/DrDobberstein/status/1724147496954323241,Mu_Ri_Elle
Mon Nov 13 18:06:16 +0000 2023,1724126550126186582,Marshall Mens Soccer is The Number 1 overall seed in this years NCAA Tournament!     https://t.co/iTZyDkIq2m,3,1,26,200,en,2511218569,1724126550126186582,BarstoolMU,https://twitter.com/BarstoolMU/status/1724126550126186582,
Mon Nov 13 17:29:30 +0000 2023,1724117297378308452,u can only keep 3 albums ‚Ä¢_‚Ä¢ (pt.7) https://t.co/bbccARtrxq,264,65,25,545,en,1703868558835400705,1724117297378308452,xXMu3icl0v3rXx,https://twitter.com/xXMu3icl0v3rXx/status/1724117297378308452,
Mon Nov 13 17:23:34 +0000 2023,1724115802478063940,nah bro this is FOUL üò≠üò≠üò≠,0,4,2,280,en,1481284619576168456,1724115802478063940,MuItimach,https://twitter.com/MuItimach/status/1724115802478063940,
Mon Nov 13 17:14:12 +0000 2023,1724113445262422138,You study and pass all this nebakuma visa Kyoka Kenzo owa P.6 nayita mu VIP section ü•≤ this life no equilibrium https://t.co/x5orsBsEhg,3,40,62,514,en,1314582877,1724113445262422138,kingFahad_17,https://twitter.com/kingFahad_17/status/1724113445262422138,
Mon Nov 13 17:12:58 +0000 2023,1724113133130633272,@DestinyBulletn should be a nomination for worst community support,0,10,9,1061,en,1481284619576168456,1724111250899243067,MuItimach,https://twitter.com/MuItimach/status/1724113133130633272,DestinyBulletn
Mon Nov 13 17:00:00 +0000 2023,1724109870620635636,@fairlyoddfairy people really lack emotions. ur girl is depressed so you break up with her because she‚Äôs depressing you? el oh el,1,1,1,435,en,1346935982503956480,1724093654975811957,dumbslooot,https://twitter.com/dumbslooot/status/1724109870620635636,fairlyoddfairy
Mon Nov 13 16:48:17 +0000 2023,1724106922482086046,@fairlyoddfairy ‚Äúyou should‚Äôve bettered yourself before even trying with me‚Äù is crazy,9,16,103,8683,en,1346935982503956480,1724093654975811957,dumbslooot,https://twitter.com/dumbslooot/status/1724106922482086046,fairlyoddfairy
Mon Nov 13 16:01:11 +0000 2023,1724095070985486766,content schedule this week https://t.co/NO0d7Rb0mX,2,11,14,337,en,1284559507293691904,1724095070985486766,MUTality7,https://twitter.com/MUTality7/status/1724095070985486766,
Mon Nov 13 15:54:40 +0000 2023,1724093428659523824,Cool to see Theo Von repping the @owen43_92 Marshall jersey    Hope you enjoyed Huntington and Marshall @TheoVon https://t.co/PlXR7ONlSr,0,2,23,233,en,2511218569,1724093428659523824,BarstoolMU,https://twitter.com/BarstoolMU/status/1724093428659523824,"owen43_92, TheoVon"
Mon Nov 13 15:50:20 +0000 2023,1724092338190827639,Can You Feel My Heart by Bring Me               The Horizon ‚ô© https://t.co/LmpJXhKXEB,64,8,731,2592,en,1703868558835400705,1724092338190827639,xXMu3icl0v3rXx,https://twitter.com/xXMu3icl0v3rXx/status/1724092338190827639,
Mon Nov 13 15:41:43 +0000 2023,1724090169395986621,This man really tackled both players on Saturday   @owen43_92 is just built different üòÆ‚Äçüí®  (üé• via: @ herdzone)   https://t.co/T3GpuL6cCn,6,6,40,267,en,2511218569,1724090169395986621,BarstoolMU,https://twitter.com/BarstoolMU/status/1724090169395986621,owen43_92
Mon Nov 13 14:13:00 +0000 2023,1724067843564601684,The SBC Title came back home where it belongs üèÜ‚úÖ   https://t.co/5WODZrQVhQ,0,1,23,158,en,2511218569,1724067843564601684,BarstoolMU,https://twitter.com/BarstoolMU/status/1724067843564601684,
Mon Nov 13 13:12:53 +0000 2023,1724052714273812734,"@jiggyjayy2 Gotta get the skyn brand, latex free. They‚Äôre more expensive but I dated a guy with a latex allergy and they were amazing and no smell",1,6,15,362,en,127092352,1724051972095967490,Have_MURcy,https://twitter.com/Have_MURcy/status/1724052714273812734,jiggyjayy2
Mon Nov 13 12:54:32 +0000 2023,1724048097615949945,Only real OGs know this drink https://t.co/ngwguQ3uOB,731,251,975,3273,en,3119818584,1724048097615949945,Sir_muba,https://twitter.com/Sir_muba/status/1724048097615949945,
Mon Nov 13 12:39:03 +0000 2023,1724044202911359434,"Jtinys making atz debut at #1 bbüáØüáµ,Ctinys charting in QQ music,Uk tinys charting atz in top10 uk albums,US atinys charting atz muliple bb charts,atinys of 50+ countries charting ateez in itunes/apple mu,but yall ktiny--count me things you have done to be complaining this muchüò≠?",36,10,448,1718,en,1472757768016646152,1724044202911359434,no1likeatz,https://twitter.com/no1likeatz/status/1724044202911359434,
Mon Nov 13 11:57:35 +0000 2023,1724033767709311185,"Naye lino Eggwanga ü§£üôåü§å Ssebo Mukulu @BalaamAteenyiDr , can you also kindly call Gen Katumba Wamala or Kagina to find out whether Muyenje has roads? Also, calls, Mrs Museveni to find out the State of Schools in Ntoroko ü§£ Lastly, mpaayo Ka lunch üòèü§å https://t.co/CBkhA6y62E",10,29,31,168,en,829577236734951424,1724033767709311185,kadobamosesUG,https://twitter.com/kadobamosesUG/status/1724033767709311185,BalaamAteenyiDr
Mon Nov 13 10:02:50 +0000 2023,1724004887875432804,[Weekly Schedule]   Fan Name : Tim mu lawak Fan Mark : ‚öóÔ∏èüéº Tags General : #Xia_Ekavira Live : #Xia_Live Meme : #Xhiatposting Fanart : #Xiart_Wangy https://t.co/0V5Qwv6ILJ,0,1,42,225,en,1414845844692504611,1724004887875432804,Xia_Ekavira,https://twitter.com/Xia_Ekavira/status/1724004887875432804,
Mon Nov 13 09:54:47 +0000 2023,1724002864463331772,Gen Otafiire is onto something and I love to see it üíØüòÇüî• ‚ÄúIf you know.....you know‚Äù ü´£ü§ó https://t.co/iMZgm3Pcdr,7,43,79,350,en,829577236734951424,1724002864463331772,kadobamosesUG,https://twitter.com/kadobamosesUG/status/1724002864463331772,
Mon Nov 13 07:06:47 +0000 2023,1723960584482521154,"Mu$lim Military Coup - British based Jihadi appears to call for a coup by Mu$lim soldiers rise up against your leaders"" ""you have the support of the entire Mu$lim population"" üò≤ https://t.co/xNzLEGGAAr""",121,230,738,806,en,186037135,1723960584482521154,RonEng1ish,https://twitter.com/RonEng1ish/status/1723960584482521154,
Mon Nov 13 05:38:41 +0000 2023,1723938414314070144,Isn't everything about it all beautiful? üíØ‚ù§Ô∏è https://t.co/U54Taoi32j,11,30,40,241,en,829577236734951424,1723938414314070144,kadobamosesUG,https://twitter.com/kadobamosesUG/status/1723938414314070144,
Mon Nov 13 05:12:28 +0000 2023,1723931814127870290,Steve players play one even or slightly losing mu and lose their minds bruh it‚Äôs so funny,1,2,20,187,en,1486206745471078403,1723931814127870290,Sonicadvanced2,https://twitter.com/Sonicadvanced2/status/1723931814127870290,
Mon Nov 13 04:59:17 +0000 2023,1723928495682671074,Going to bed if sonix wins can you all spam ‚Äúthe mu is unwinnable‚Äù Ty,0,24,7,473,en,1286054959599976450,1723928495682671074,ddee_ssbu,https://twitter.com/ddee_ssbu/status/1723928495682671074,
Mon Nov 13 04:00:31 +0000 2023,1723913707141443660,‚ÄúSteve has no losing MU‚Äù believers in shambles,20,30,18,462,en,1112157857418379265,1723913707141443660,RockManSSB,https://twitter.com/RockManSSB/status/1723913707141443660,
Mon Nov 13 01:37:47 +0000 2023,1723877788728386040,Showed up to Faurot in style yesterday- had to show the Vols who‚Äôs bossüòéü™Ç #MIZ https://t.co/pm4xcEuVIX,33,10,207,1572,en,1283879790701719554,1723877788728386040,TrumanTiger_MU,https://twitter.com/TrumanTiger_MU/status/1723877788728386040,
Mon Nov 13 01:06:33 +0000 2023,1723869929860972725,‚ÄúThe left have no values or principles to begin with.‚Äù  Ya hear that lefties?    Mu$lims think you‚Äôre stup!d (HIS WORDS) and have hijacked your party because they can manipulate your side with emotion.   You‚Äôve been duped.   @DineshDSouza https://t.co/krhFr6CXBS,59,115,1771,2752,en,1343367645748473856,1723869929860972725,1776Diva,https://twitter.com/1776Diva/status/1723869929860972725,DineshDSouza
